1,Aguascalientes,121197.634,126554.147,129628.028,138111.823,150305.117,150949.983,143253.947,152205.212,158934.494,167705.967,172820.491,190482.862,198220.641,211672.469,216705.56,224891.592,222451.271,204726.037
2,Baja California,399514.624,423005.499,433008.166,456019.296,461581.274,457556.565,407745.948,428162.546,440700.662,456024.472,465524.695,478121.939,511459.528,535552.651,553327.213,566045.913,575332.463,553650.356
3,Baja California Sur,76047.593,81546.009,87397.67,93655.622,106199.426,108975.356,108338.811,110656.4,114707.762,117345.833,115027.644,116027.018,130520.642,133948.675,148376.63,173200.594,158953.669,121985.608
4,Campeche,1047511.322,1059561.025,1038533.775,1014280.35,947575.493,867231.044,780757.429,753968.591,726503.856,714787.065,721085.063,685981.27,637604.643,600612.272,537882.577,529465.695,517309.327,481994.49
5,Coahuila,436573.518,449143.882,458867.907,480488.194,500478.657,498326.775,421327.489,489951.776,523207.112,549551.802,538206.987,559217.153,563928.44,572243.615,601722.052,608138.802,603865.64,535558.427
6,Colima,67732.93,67794.051,68258.171,72533.785,77526.37,78953.717,76446.9,81992.178,87944.969,90540.289,91422.446,93703.258,95878.066,98576.211,102039.429,105031.03,109098.972,101247.641
7,Chiapas,248123.227,238375.89,240279.559,248414.302,252536.304,258289.89,256698.362,270989.331,279446.584,284733.625,280925.273,294029.165,287811.831,287034.269,277580.835,267664.128,261684.516,254356.257
8,Chihuahua,360426.663,376662.637,389210.794,419631.539,434649.92,440792.887,401079.179,417796.42,427430.027,459166.22,476290.197,485693.517,510642.914,534205.546,551497.303,564077.669,572880.305,538030.466
9,Ciudad de México,2132929.372,2226949.736,2258091.583,2374722.886,2408565.865,2450391.202,2362516.439,2446910.439,2533806.893,2633934.642,2673066.331,2748551.988,2869792.908,2957233.594,3045539.859,3126459.566,3132839.076,2856750.909
10,Durango,152922.727,157662.281,155001.886,160388.081,162709.802,165722.989,163083.647,169268.084,176314.713,182943.056,189052.812,192968.629,192888.101,200660.962,199559.31,202272.029,204045.941,189703.349
11,Guanajuato,438354.387,450953.155,454625.559,477646.929,488729.604,503024.423,481674.906,517168.681,548163.17,570921.987,594575.532,620084.804,653849.926,673328.294,704179.453,713090.078,701795.455,650174.559
12,Guerrero,182713.981,192557.837,195219.889,199540.65,204879.83,208284.821,201239.316,211890.535,214478.174,218118.481,218811.378,227659.005,229580.566,234185.03,234094.182,240685.982,240749.756,219138.427
13,Hidalgo,179553.378,191549.579,190073.779,195404.535,201655.418,208800.335,195581.126,206303.584,214569.188,222797.005,230982.767,243064.784,258695.052,268833.622,270118.073,276996.193,272452.995,243488.874
14,Jalisco,794957.322,819238.31,842128.813,886009.726,913139.834,918573.456,870319.1,925371.837,953148.056,995285.999,1018578.607,1067256.762,1104884.87,1149129.548,1176616.034,1208076.022,1216735.696,1125698.536
15,México,1048403.59,1073840.81,1099376.794,1150701.95,1184658.428,1198144.35,1138727.918,1226813.687,1283448.197,1339994.611,1365154.229,1402291.945,1445183.505,1485467.443,1556925.971,1608137.236,1580644.778,1484568.874
16,Michoacán,294468.306,301021.642,306026.395,320451.426,328272.19,334657.914,317003.042,329767.26,343275.664,352030.387,359465.987,379655.442,386038.362,402111.981,414856.586,424359.973,424544.678,396644.274
17,Morelos,158055.834,159734.875,171279.471,168177.81,169325.362,169672.507,168348.348,174984.467,174678.088,175717.837,182126.143,185662.448,187472.397,194412.078,203238.504,201316.454,201049.316,179567.493
18,Nayarit,76105.196,86879.422,90269.847,92165.697,91675.276,98292.89,93038.497,97786.134,100704.16,100800.218,103627.459,108986.732,114062.999,119473.243,121000.114,120639.992,121042.682,107124.831
19,Nuevo León,803888.528,849841.554,885438.787,946837.916,1004636.521,1020366.768,952725.778,1025184.258,1069812.268,1113817.766,1124999.893,1161168.669,1228082.513,1257648.421,1306549.097,1353169.991,1372625.069,1267121.013
20,Oaxaca,202963.936,210757.192,213677.217,218023.575,219815.363,226633.787,224510.705,228089.144,234955.838,239680.171,245515.976,250239.106,260612.907,256580.339,250518.62,260740.417,252892.486,237176.764
21,Puebla,395907.258,405907.943,428179.294,447201.403,465818.722,468969.471,432578.676,469967.84,493353.224,524226.058,519256.535,526200.669,540604.128,555309.088,589080.273,603843.688,595393.262,531159.173
22,Querétaro,212106.713,227917.275,243311.19,258448.271,271622.051,278348.405,270311.398,287403.169,308865.228,318294.372,319989.728,342666.454,362418.911,377947.864,395109.808,406744.73,403298.963,365428.624
23,Quintana Roo,144233.02,156941.599,163681.664,174364.522,192904.582,203018.581,185671.746,195148.828,206053.849,215709.871,225272.667,233252.369,244081.496,261497.598,272211.726,286533.451,290182.71,222133.89
24,San Luis Potosí,224280.267,237464.465,247240.388,258649.446,264315.631,270024.005,255845.961,269397.22,283881.746,297293.962,307896.47,316716.343,329359.358,342065.043,354677.904,369840.94,368609.775,341481.841
25,Sinaloa,268247.066,284658.629,285708.482,294951.695,305622.537,316380.798,303066.175,312655.113,318762.638,330191.387,334097.307,340077.857,358848.314,376438.398,380987.655,390894.97,398152.897,369802.681
26,Sonora,365533.727,384484.325,404881.254,429625.189,435397.343,436717.189,410374.271,431501.919,471510.171,495926.031,510315.674,522896.949,549606.823,578945.379,575986.463,581413.804,580732.615,551290.303
27,Tabasco,374891.404,391243.029,421079.732,445309.616,454079.113,475202.827,495944.159,525011.917,549751.131,564003.811,553628.205,564794.238,562212.305,534685.495,509388.361,467226.446,448891.865,464462.272
28,Tamaulipas,391574.439,410112.746,436490.981,449609.24,464007.812,483350.662,439739.323,448215.116,456768.535,466371.322,473241.401,477891.309,492586.952,500458.048,498369.426,508491.928,517419.862,473081.269
29,Tlaxcala,83254.186,89789.73,79279.279,77889.934,79019.573,83246.79,81739.53,88809.886,86031.739,89918.601,87657.644,90362.518,96458.62,96859.667,95585.227,98881.599,103564.841,90940.71
30,Veracruz,613590.201,643859.491,648906.398,684557.368,705608.578,704314.03,688981.395,718148.55,746817.731,779730.434,781357.276,780785.356,785745.931,784930.108,776072.856,794018.647,801594.693,737613.128
31,Yucatán,161636.497,169013.747,176907.681,185462.602,191217.075,193158.623,189365.458,196149.981,202893.85,214700.599,215788.237,223858.768,230374.526,242505.306,252391.124,261283.809,263341.632,242545.35
32,Zacatecas,101406.31,105664.685,105661.441,112108.368,115935.139,126383.577,130512,144730.56,144876.886,148728.64,146858.788,156808.457,159905.359,157998.056,157621.131,157631.239,151882.034,145329.949
,,,,,,,,,,,,,,,,,,,
,,,,,,,,,,,,,,,,,,,
,,,,,,,,,,,,,,,,,,,
,,,,,,,,,,,,,,,,,,,
,,,,,,,,,,,,,,,,,,,
,,,,,,,,,,,,,,,,,,,
,,,,,,,,,,,,,,,,,,,
,,,,,,,,,,,,,,,,,,,
,,,,,,,,,,,,,,,,,,,
,,,,,,,,,,,,,,,,,,,
,,,,,,,,,,,,,,,,,,,
,,,,,,,,,,,,,,,,,,,
,,,,,,,,,,,,,,,,,,,
,,,,,,,,,,,,,,,,,,,
,,,,,,,,,,,,,,,,,,,
,,,,,,,,,,,,,,,,,,,
,,,,,,,,,,,,,,,,,,,
,,,,,,,,,,,,,,,,,,,
,,,,,,,,,,,,,,,,,,,
,,,,,,,,,,,,,,,,,,,
,,,,,,,,,,,,,,,,,,,
,,,,,,,,,,,,,,,,,,,
,,,,,,,,,,,,,,,,,,,
,,,,,,,,,,,,,,,,,,,
,,,,,,,,,,,,,,,,,,,
,,,,,,,,,,,,,,,,,,,
,,,,,,,,,,,,,,,,,,,
,,,,,,,,,,,,,,,,,,,
,,,,,,,,,,,,,,,,,,,
,,,,,,,,,,,,,,,,,,,
,,,,,,,,,,,,,,,,,,,
,,,,,,,,,,,,,,,,,,,
,,,,,,,,,,,,,,,,,,,
,,,,,,,,,,,,,,,,,,,
,,,,,,,,,,,,,,,,,,,
,,,,,,,,,,,,,,,,,,,
,,,,,,,,,,,,,,,,,,,
,,,,,,,,,,,,,,,,,,,
,,,,,,,,,,,,,,,,,,,
,,,,,,,,,,,,,,,,,,,
,,,,,,,,,,,,,,,,,,,
,,,,,,,,,,,,,,,,,,,
,,,,,,,,,,,,,,,,,,,
,,,,,,,,,,,,,,,,,,,
,,,,,,,,,,,,,,,,,,,
,,,,,,,,,,,,,,,,,,,
,,,,,,,,,,,,,,,,,,,
,,,,,,,,,,,,,,,,,,,
,,,,,,,,,,,,,,,,,,,
,,,,,,,,,,,,,,,,,,,
,,,,,,,,,,,,,,,,,,,
,,,,,,,,,,,,,,,,,,,
,,,,,,,,,,,,,,,,,,,
,,,,,,,,,,,,,,,,,,,
,,,,,,,,,,,,,,,,,,,
,,,,,,,,,,,,,,,,,,,
,,,,,,,,,,,,,,,,,,,
,,,,,,,,,,,,,,,,,,,
,,,,,,,,,,,,,,,,,,,
,,,,,,,,,,,,,,,,,,,
,,,,,,,,,,,,,,,,,,,
,Oaxaca,82.66832135,85.84255715,87.0318993,88.80219469,89.53199974,92.30918113,91.44443822,92.901956,95.69879803,97.6230447,100,101.9237567,106.1490626,104.5065756,102.0376043,106.2009981,103.0044929,96.60339334
,Puebla,76.24502174,78.17098402,82.46006841,86.12340392,89.70878373,90.31556454,83.30731476,90.50783347,95.01146172,100.9570458,100,101.3373224,104.1111843,106.9431101,113.4468675,116.2900507,114.662642,102.2922462
,Querétaro,66.28547558,71.22643481,76.03718767,80.76767733,84.88461573,86.98666883,84.47502352,89.81637342,96.52348215,99.47018424,100,107.0867044,113.2595453,118.1124989,123.4757786,127.1118084,126.0349717,114.2001108
,Quintana Roo,64.02597435,69.66739511,72.65935374,77.40154379,85.63159684,90.12126669,82.42089396,86.62783222,91.46864187,95.75501275,100,103.5422415,108.3493614,116.0804821,120.8365532,127.1940599,128.8139897,98.6066765
,San Luis Potosí,72.8427536,77.12477671,80.29984494,84.0053301,85.84561915,87.69961052,83.09480164,87.49604047,92.20038996,96.55646978,100,102.864558,106.9708133,111.0974228,115.1938845,120.1186035,119.7187402,110.9080078
,Sinaloa,80.29010123,85.20231173,85.51654743,88.28317045,91.47710281,94.6972009,90.71194788,93.58205123,95.41011894,98.83090348,100,101.7900623,107.4083228,112.6732811,114.0349374,117.0003355,119.1727346,110.6871182
,Sonora,71.62894373,75.34244872,79.33937259,84.18812333,85.31921812,85.57785137,80.4157685,84.55588197,92.39578461,97.18024671,100,102.4653907,107.6993812,113.4484807,112.86866,113.9321862,113.7987024,108.0292711
,Tabasco,67.71537299,70.668912,76.05821528,80.4347777,82.01878244,85.83428783,89.58072485,94.83113618,99.29969717,101.8741108,100,102.016883,101.5505171,96.57844203,92.00910582,84.39354097,81.08182729,83.89425752
,Tamaulipas,82.74306478,86.66036934,92.23431848,95.00632004,98.0488628,102.1361743,92.92072124,94.71172959,96.51914098,98.5482929,100,100.9825658,104.0878822,105.7511128,105.309769,107.4487412,109.3352908,99.96616272
,Tlaxcala,94.97652709,102.4322876,90.44194594,88.85697863,90.14567286,94.96808972,93.24860477,101.3144798,98.14516461,102.5793039,100,103.0857252,110.0401695,110.4976846,109.0438011,112.8043083,118.1469593,103.7453277
,Veracruz de Ignacio de la Llave,78.52876269,82.40269986,83.04861527,87.61131291,90.30549784,90.13981845,88.17751062,91.91039388,95.57954523,99.79179281,100,99.92680429,100.5616707,100.4572597,99.32368711,101.620433,102.5900337,94.4015178
,Yucatán,74.9051474,78.3238926,81.98207811,85.94657641,88.61329869,89.51304561,87.75522736,90.89929262,94.02451812,99.49596975,100,103.7400236,106.7595385,112.3811517,116.9624107,121.0834347,122.0370654,112.3997088
,Zacatecas,69.05021578,71.94985499,71.94764606,76.33752772,78.94327645,86.05789188,88.86904337,98.55083374,98.65047095,101.2732313,100,106.7749905,108.8837523,107.5850197,107.3283616,107.3352444,103.4204599,98.95897343
,Variación porcentual anual,,,,,,,,,,,,,,,,,,
,a  B.1bP - Producto interno bruto,NA,3.92059081,2.307807066,4.495077894,2.291445714,1.143584587,-5.285744137,5.118118143,3.66300793,3.642322679,1.354091962,2.849773255,3.293151528,2.630532425,2.113129135,2.194994725,-0.1990477723,-8.057318605
,"D.21-D.31 - Impuestos sobre los productos, netos",NA,4.081569254,3.101112777,7.522536804,1.627496905,3.641111679,-6.445366229,4.18979286,4.054958018,1.484033862,0.9282322052,6.197134355,5.795052831,7.25783182,3.630628249,3.322275704,-0.2025425894,-13.11505528
,a  B.1bV - Valor agregado bruto,,,,,,,,,,,,,,,,,,
,Estados Unidos Mexicanos,NA,3.914148619,2.276007941,4.372745233,2.319083803,1.04032256,-5.236564486,5.156986198,3.646748389,3.732209661,1.371443352,2.713982346,3.188216347,2.431550297,2.044799141,2.14344684,-0.1988861688,-7.823379545
,Aguascalientes,NA,4.41965146,2.428905787,6.54472272,8.8285664,0.4290379548,-5.098401369,6.248529404,4.421190255,5.518923413,3.049697093,10.2200676,4.062191695,6.786290233,2.377773087,3.777490527,-1.085109932,-7.96814238
,Baja California,NA,5.8798536,2.36466595,5.314248508,1.219680406,-0.8719394019,-10.88622059,5.007185994,2.928354224,3.477147035,2.083270435,2.706031309,6.972612273,4.710660704,3.318919618,2.298585665,1.640600133,-3.768622213
,Baja California Sur,NA,7.230230153,7.175901153,7.160319034,13.39354086,2.613884184,-0.5841183029,2.139204758,3.661208931,2.299819083,-1.975518807,0.8688120223,12.49159398,2.626429772,10.77125623,16.73037324,-8.225679064,-23.25712972
,Campeche,NA,1.150317209,-1.984524676,-2.33535255,-6.576569979,-8.478949656,-9.971231496,-3.431134563,-3.64268954,-1.612763773,0.8811012829,-4.868190287,-7.05217899,-5.801772526,-10.44429125,-1.564817743,-2.295968958,-6.826638368
,Coahuila de Zaragoza,NA,2.879323523,2.165013349,4.71165812,4.160448321,-0.4299647887,-15.45156509,16.28763582,6.787471263,5.035231631,-2.064375908,3.903733416,0.842478986,1.474508893,5.151378928,1.06639768,-0.7026622847,-11.31165751
,Colima,NA,0.09023823419,0.6846028422,6.263885975,6.883116606,1.841111611,-3.175046211,7.253764378,7.260193771,2.951072733,0.9743253636,2.494805269,2.320952384,2.814142079,3.513239112,2.93180884,3.873085887,-7.196521522
,Chiapas,NA,-3.928425854,0.7985996403,3.385532683,1.659325557,2.278320348,-0.6161789763,5.567222513,3.120880431,1.891968377,-1.337513966,4.664547216,-2.114529693,-0.2701633207,-3.293486186,-3.572547435,-2.233998274,-2.800417507
,Chihuahua,NA,4.504653975,3.331404755,7.816007539,3.578944766,1.413313731,-9.009607272,4.168065029,2.305813678,7.424886179,3.72936341,1.974283758,5.136860206,4.614307054,3.236910798,2.281129197,1.560536161,-6.08326708
,Ciudad de México,NA,4.408039255,1.398408168,5.165038649,1.425133821,1.736524527,-3.586152404,3.572207948,3.551272356,3.951672453,1.48567426,2.823935049,4.411083382,3.046933657,2.986110572,2.656990575,0.2040490166,-8.812714611
,Durango,NA,3.099313028,-1.687401059,3.474922234,1.447564548,1.851877983,-1.592622735,3.792187085,4.16299921,3.759381669,3.339703694,2.071282071,-0.04173113548,4.029725504,-0.5490116209,1.35935477,0.8769932297,-7.029099393
,Guanajuato,NA,2.874105604,0.8143648535,5.063809006,2.320265101,2.924893209,-4.244230702,7.368823777,5.993110205,4.151832565,4.143043277,4.290333293,5.445242616,2.979027331,4.581889589,1.265391224,-1.583898493,-7.355547209
,Guerrero,NA,5.387576772,1.38246879,2.213279099,2.675735495,1.661945444,-3.382630077,5.292812166,1.221215001,1.697285524,0.3176700098,4.043494941,0.8440522702,2.005598331,-0.03879325677,2.815875193,0.0264967654,-8.976677426
,Hidalgo,NA,6.681133562,-0.7704532726,2.804572008,3.198944692,3.54313168,-6.331028636,5.482358252,4.006524676,3.834575261,3.674089784,5.230700609,6.430494678,3.919120185,0.4777865917,2.546338319,-1.640166224,-10.63086901
,Jalisco,NA,3.054376295,2.794120187,5.210712699,3.062055326,0.595048184,-5.253184237,6.325580698,3.001627874,4.420923144,2.340292943,4.77902782,3.525684666,4.004460483,2.391939712,2.673768425,0.7168153198,-7.482081795
,México,NA,2.426281276,2.378004613,4.668568254,2.950935992,1.138380624,-4.959037866,7.735453536,4.616390459,4.405819739,1.877590984,2.720404421,3.058675489,2.78746179,4.810507853,3.289254978,-1.709584069,-6.078272951
,Michoacán de Ocampo,NA,2.225480932,1.662589097,4.713655827,2.440545857,1.94525281,-5.275498132,4.026528553,4.096344798,2.5503477,2.112204024,5.616513309,1.681240223,4.163736194,3.169416879,2.290764404,0.04352554712,-6.571841657
,Morelos,NA,1.062308779,7.227348442,-1.810877265,0.6823444781,0.2050165409,-0.7804204838,3.941897309,-0.1750892552,0.5952372229,3.646929708,1.94167896,0.974860032,3.701708151,4.54006052,-0.9457115469,-0.132695562,-10.68485257
,Nayarit,NA,14.15701761,3.902448845,2.100202961,-0.532107949,7.218537308,-5.345649111,5.102873706,2.984089748,0.09538632764,2.804796513,5.171672693,4.657692645,4.743206866,1.278002473,-0.2976212072,0.3337947834,-11.49830024
,Nuevo León,NA,5.71634305,4.188690566,6.934316624,6.104382178,1.565764998,-6.629085945,7.605386741,4.353169652,4.11338506,1.003945829,3.215002617,5.762629133,2.407485465,3.888262823,3.568246621,1.43774087,-7.686298202
,Oaxaca,NA,3.839724511,1.385492458,2.034076473,0.8218322262,3.101886923,-0.9367897118,1.593883463,3.01053083,2.010732332,2.434830122,1.923756685,4.145555491,-1.547340094,-2.362503309,4.080254394,-3.009863638,-6.214388671
,Puebla,NA,2.526017091,5.486798518,4.442556954,4.163072583,0.6763895162,-7.759736454,8.643321105,4.975954099,6.257754586,-0.9479732883,1.337322408,2.737255927,2.720097616,6.081511311,2.506180512,-1.39943932,-10.7885146
,Querétaro,NA,7.454060165,6.754167713,6.221284356,5.097259869,2.47636522,-2.887391074,6.322993084,7.467579107,3.052834423,0.5326377558,7.086704358,5.764339278,4.284807588,4.540823123,2.944731253,-0.8471571346,-9.390140435
,Quintana Roo,NA,8.811143939,4.294632553,6.526606426,10.63293139,5.243006099,-8.544456825,5.104213325,5.588053544,4.686164343,4.433174966,3.542241545,4.642665387,7.13536351,4.097218514,5.261244697,1.27358917,-23.45033582
,San Luis Potosí,NA,5.878447612,4.116794064,4.614560789,2.190681282,2.159680825,-5.250660585,5.296647618,5.376642714,4.724578522,3.566338155,2.864558012,3.991904832,3.857696674,3.687269792,4.27515665,-0.3328904042,-7.35952648
,Sinaloa,NA,6.118077355,0.3688112332,3.235190266,3.61782698,3.520113767,-4.208416909,3.163974997,1.953438388,3.585347728,1.182926071,1.790062319,5.51945874,4.90181598,1.208499724,2.600429402,1.856746072,-7.12043444
,Sonora,NA,5.18436374,5.305009248,6.111405444,1.34353249,0.3031359794,-6.032031407,5.148385143,9.271859577,5.178225519,2.901570416,2.465390667,5.108056961,5.338098941,-0.5110872471,0.9422688463,-0.117160789,-5.069856805
,Tabasco,NA,4.361696434,7.626130254,5.754227088,1.969303308,4.651989795,4.364732451,5.861094938,4.712124277,2.592569473,-1.839634023,2.016882973,-0.4571457756,-4.89615929,-4.731217554,-8.27696866,-3.924131683,3.468632028
,Tamaulipas,NA,4.734299575,6.431947131,3.00539062,3.202463544,4.168647488,-9.022712169,1.927458509,1.908328991,2.102331107,1.473092078,0.9825657667,3.075101539,1.597909967,-0.4173420746,2.031124197,1.755767104,-8.569171046
,Tlaxcala,NA,7.850108582,-11.70562714,-1.752469268,1.450301653,5.349582185,-1.810592336,8.649861334,-3.128195661,4.517939594,-2.514448596,3.085725188,6.74627283,0.4157710322,-1.315759221,3.448620779,4.736211841,-12.18959145
,Veracruz de Ignacio de la Llave,NA,4.933144296,0.7838522334,5.49400809,3.075156442,-0.1834654567,-2.176960042,4.233373384,3.992096203,4.407059666,0.2086415932,-0.07319570926,0.6353314598,-0.1038278364,-1.128412824,2.312384831,0.9541395569,-7.981785004
,Yucatán,NA,4.564099159,4.670586943,4.835810945,3.102767317,1.015363298,-1.963756493,3.582766927,3.43811861,5.819175396,0.506583589,3.740023605,2.910655704,5.265677682,4.076536783,3.523374697,0.7875815221,-7.897073411
,Zacatecas,NA,4.199319549,-0.003070089122,6.101494489,3.413457058,9.012313342,3.26658186,10.89444649,0.1011023518,2.658639419,-1.257223894,6.774990544,1.974958532,-1.192769906,-0.2385630618,0.00641284575,-3.647249769,-4.313930244
,Contribución a la variación nacional,,,,,,,,,,,,,,,,,,
,a  B.1bP - Producto interno bruto,,,,,,,,,,,,,,,,,,
,"D.21-D.31 - Impuestos sobre los productos, netos",,,,,,,,,,,,,,,,,,
,a  B.1bV - Valor agregado bruto,,,,,,,,,,,,,,,,,,
,Estados Unidos Mexicanos,NA,3.914148619,2.276007941,4.372745233,2.319083803,1.04032256,-5.236564486,5.156986198,3.646748389,3.732209661,1.371443352,2.713982346,3.188216347,2.431550297,2.044799141,2.14344684,-0.1988861688,-7.823379545
,Aguascalientes,NA,0.04265043515,0.02355340339,0.06355987246,0.087523926,0.004523958183,-0.05343446539,0.06558401428,0.04688610747,0.05896472797,0.03314449147,0.1129118471,0.04815897811,0.08113572879,0.02963683844,0.04723671122,-0.01378613932,-0.100334963
,Baja California,NA,0.1870425855,0.07664475325,0.1723974339,0.03992408867,-0.02823472661,-0.3458408576,0.1495880699,0.08735901606,0.1030116935,0.06156585837,0.0805315486,0.2074890248,0.145319513,0.1046636793,0.07339203645,0.0524626359,-0.1227331274
,Baja California Sur,NA,0.04378031661,0.04483795307,0.04688404553,0.09003990005,0.01947410972,-0.004419605336,0.01698048154,0.02822776548,0.01773398138,-0.01502294163,0.006388789155,0.09020652063,0.02067644307,0.08495752837,0.1432442994,-0.08048535128,-0.2092603704
,Campeche,NA,0.09594396138,-0.1611198681,-0.1817046027,-0.4788099891,-0.5636441175,-0.6003962804,-0.1962761167,-0.1913598683,-0.07876412479,0.04081395277,-0.2244112134,-0.3010901346,-0.2231223132,-0.3693773541,-0.04856880896,-0.06867513858,-0.1999021769
,Coahuila de Zaragoza,NA,0.1000896469,0.07450967794,0.1619773562,0.1434923003,-0.01509619701,-0.5346149216,0.5027955511,0.2317057389,0.1770976755,-0.07351967143,0.134313601,0.02932246676,0.05015361359,0.1735807429,0.03702723941,-0.02414043344,-0.3866578962
,Colima,NA,0.000486666838,0.003556287826,0.03203253739,0.03583696416,0.01001333322,-0.0174051195,0.04062907215,0.04147592546,0.01744659509,0.005716787166,0.01458075452,0.01353573563,0.0162740678,0.02039280283,0.01726274617,0.02298108124,-0.0444430243
,Chiapas,NA,-0.07761171579,0.0145867338,0.06094480449,0.02958788642,0.04036339715,-0.01105016243,0.1047068895,0.05892570308,0.03554122943,-0.02467989013,0.08377044339,-0.03869591675,-0.004689924637,-0.05566557334,-0.05722340504,-0.03378070512,-0.04148213759
,Chihuahua,NA,0.1292765193,0.09614939666,0.227909641,0.1078025074,0.04309503963,-0.2757368541,0.1224836682,0.06712192076,0.2133411329,0.1109713259,0.06011345986,0.1552819568,0.1421198159,0.1018207318,0.0725937934,0.04972885382,-0.1972700223
,Ciudad de México,NA,0.7486231131,0.2386222774,0.8737918283,0.2429261846,0.2934192151,-0.6101246125,0.6183368833,0.6054489144,0.6730916782,0.2535915233,0.4825640319,0.7545884695,0.5274051813,0.5199823547,0.4669393952,0.03603985445,-1.562816943
,Durango,NA,0.03773799121,-0.02038509513,0.04035291603,0.01666540124,0.02113854969,-0.01832525585,0.04531205417,0.04909721492,0.04455790286,0.03959405717,0.02503299984,-0.000501196298,0.04688260525,-0.006486964441,0.01565348438,0.0100213857,-0.08118727445
,Guanajuato,NA,0.1003158095,0.02813954503,0.1724741512,0.07955186076,0.1002831028,-0.1482321584,0.2600553382,0.2159533428,0.1529922572,0.1532859598,0.1630754455,0.2101499373,0.1174852654,0.1816638752,0.05141790551,-0.06380687059,-0.2922037977
,Guerrero,NA,0.07838023392,0.02039779178,0.03237077488,0.03832483619,0.02388719036,-0.04891775365,0.07803921558,0.01802931134,0.02447134158,0.004490294445,0.05656103063,0.01195955766,0.02777217656,-0.0005349491,0.03803734862,0.000360279344,-0.1223324835
,Hidalgo,NA,0.09551795969,-0.01130821678,0.03993757175,0.04486907485,0.05012406566,-0.09178249242,0.07856116857,0.05759039337,0.05531009343,0.05304754045,0.07723781005,0.0972808521,0.06115155991,0.007563357542,0.03968953067,-0.02566595156,-0.1639534919
,Jalisco,NA,0.1933337423,0.1753969171,0.3287520778,0.1947409424,0.03811873894,-0.335035558,0.4033596916,0.1935301254,0.2832651193,0.1509469204,0.3111892732,0.2341926837,0.2668651573,0.1618513444,0.1815368384,0.0489212166,-0.5153223974
,México,NA,0.202540067,0.1956677347,0.3845237149,0.2437408847,0.0946084104,-0.4125351388,0.6453856893,0.3945995609,0.3801236029,0.1630460125,0.2374136582,0.266951757,0.2429756512,0.420776189,0.2955096848,-0.1553135248,-0.5438445705
,Michoacán de Ocampo,NA,0.05217995963,0.03834857831,0.1080711086,0.0561377401,0.044798064,-0.1225798121,0.09352070971,0.09411947393,0.05885212896,0.04818614221,0.1290669671,0.03972650351,0.09694926161,0.07504529511,0.05483838169,0.001043456522,-0.1579322452
,Morelos,NA,0.01336911332,0.08845967899,-0.0232373811,0.008237171705,0.002435342324,-0.009193788628,0.04862143209,-0.002134688177,0.006989534932,0.04152879986,0.02260685893,0.0112648984,0.0418572164,0.05197350126,-0.01109100487,-0.001509146414,-0.1215994054
,Nayarit,NA,0.08578816616,0.02597890018,0.01420354738,-0.003520260506,0.04642485261,-0.03648185649,0.03478492624,0.02033127467,0.000645733486,0.01832183507,0.03426071243,0.03159405707,0.03263230023,0.008990822767,-0.002078049404,0.00227492221,-0.07878299745
,Nuevo León,NA,0.3658941097,0.2727613685,0.459997066,0.4148805751,0.1103531271,-0.4696391934,0.5308878675,0.3109445663,0.2958194386,0.07246537761,0.2312194272,0.4164634773,0.178329034,0.2879465987,0.2690213899,0.1099078424,-0.5972133036
,Oaxaca,NA,0.06205263753,0.02237449229,0.03256254544,0.01286152211,0.04783360426,-0.01474080314,0.02621846124,0.04784352222,0.03175852108,0.03781872742,0.03019398315,0.06456525255,-0.02432274213,-0.03569380858,0.05898389757,-0.0443354256,-0.08895997566
,Puebla,NA,0.07962896143,0.1706527071,0.142512027,0.1336358207,0.02210359473,-0.252665486,0.2739424501,0.1629370901,0.2075373496,-0.03220481763,0.04439239763,0.08964534484,0.08869409023,0.1988581478,0.08519086792,-0.04773910897,-0.3636016846
,Querétaro,NA,0.1258892397,0.1179548231,0.1134057268,0.09456189163,0.04718770135,-0.05580186636,0.1252277699,0.1495363703,0.06338580885,0.01098669446,0.1449675708,0.1229368459,0.093664067,0.1010563413,0.06713819963,-0.01946621937,-0.21436778
,Quintana Roo,NA,0.1011901632,0.05164528809,0.08003506592,0.1330812526,0.07095320351,-0.1204410757,0.06943656357,0.07598046666,0.06491095743,0.06197136048,0.05101256746,0.06739914518,0.1050465504,0.06308904024,0.08264213821,0.02061580955,-0.385195244
,San Luis Potosí,NA,0.1049772085,0.07490734283,0.08547569471,0.04067209046,0.04004621932,-0.09843979439,0.09928719168,0.10092058,0.09016132956,0.06870917723,0.05638360511,0.07868855943,0.07663531025,0.07426953413,0.08749684251,-0.006955237534,-0.1535596232
,Sinaloa,NA,0.1306746205,0.008044426965,0.0692493677,0.0765957079,0.07547292442,-0.09244496282,0.07025610869,0.04255403081,0.07682781168,0.02531217609,0.03823240647,0.1168249995,0.1060959362,0.02678783172,0.0571692094,0.04100230781,-0.1604784384
,Sonora,NA,0.1508913077,0.1562900765,0.185379462,0.04143273996,0.009259176498,-0.1829019173,0.154797782,0.2787565156,0.1641314455,0.09325157135,0.08042946212,0.1662389476,0.176957743,-0.01742327239,0.03131794983,-0.003848250479,-0.1666603264
,Tabasco,NA,0.1301973731,0.2286217005,0.1815282355,0.0629477815,0.1481901648,0.1440094598,0.2129732787,0.1723698675,0.09581120514,-0.06723874687,0.07138211574,-0.0160696312,-0.1660300586,-0.1489595705,-0.24329128,-0.1035778031,0.08813740964
,Tamaulipas,NA,0.1476085021,0.2021214255,0.09828088361,0.103353495,0.1356967874,-0.3027985556,0.06210033209,0.05959573733,0.06455309424,0.04452130341,0.02972589021,0.09146386186,0.04747511716,-0.01229863573,0.05841092531,0.05043670155,-0.2509817973
,Tlaxcala,NA,0.05203829348,-0.0805356135,-0.01040885488,0.008108591512,0.02965539032,-0.01046507999,0.0518029942,-0.01935667116,0.02612876543,-0.01465205169,0.01729169428,0.0379413838,0.002418945635,-0.007504408799,0.01902139794,0.02645710408,-0.07145980226
,Veracruz de Ignacio de la Llave,NA,0.2410147031,0.03867158046,0.267094043,0.1511063824,-0.009081702272,-0.1064562528,0.2137015394,0.1997518163,0.2212500203,0.01054269191,-0.003656165053,0.0308740044,-0.004920698783,-0.05215501698,0.1035544629,0.04279946189,-0.3621722543
,Yucatán,NA,0.05874025186,0.06048673055,0.06409274242,0.04130582507,0.0136206312,-0.02633638199,0.04970875662,0.04698774204,0.07936885207,0.007048399502,0.05159321828,0.04055327077,0.0731677268,0.05821162203,0.05131438447,0.01162528806,-0.1177188513
,Zacatecas,NA,0.03390667525,-0.000024856929,0.0482998302,0.02746870713,0.07329940885,0.02866411695,0.1041763641,0.00101952282,0.0258927579,-0.0121175096,0.06360615485,0.01927473447,-0.01150404383,-0.002219484077,0.000058327243,-0.03247906366,-0.03708854879
,Valores corrientes,,,,,,,,,,,,,,,,,,
,Millones de pesos,,,,,,,,,,,,,,,,,,
,a  B.1bP - Producto interno bruto,7868809.553,8828367.434,9562648.113,10630939.43,11504075.51,12353845.28,12162762.85,13366377.17,14665576.47,15817754.58,16277187.08,17484305.61,18572109.42,20129057.37,21934167.57,23524390.18,24445735.08,23415586.2
,"D.21-D.31 - Impuestos sobre los productos, netos",393207.946,390348.759,395675.286,400003.887,436902.593,316395.983,503852.225,542155.977,504828.626,482814.885,634567.233,904345.102,1073095.155,1258366.98,1212103.876,1303200.223,1429702.172,1471887.781
,a  B.1bV - Valor agregado bruto,,,,,,,,,,,,,,,,,,
,Estados Unidos Mexicanos,7475601.618,8438018.666,9166972.831,10230935.51,11067172.9,12037449.29,11658910.61,12824221.2,14160747.84,15334939.69,15642619.84,16579960.49,17499014.24,18870690.39,20722063.71,22221189.96,23016032.92,21943698.43
,Aguascalientes,77267.87,86539.583,93441.677,105137.207,119896.797,126346.473,126299.281,138350.48,150419.495,166978.119,172820.491,195180.365,215416.925,248849.972,273130.458,297757.431,305134.346,305465.909
,Baja California,270791.49,303478.894,323708.541,360815.261,379005.635,395576.586,369919.305,393693.175,418394.022,456744.955,465524.695,501905.007,580277.424,647659.731,711157.088,763347.754,806895.231,802981.69
,Baja California Sur,48522.955,56078.576,63553.292,70927.389,84264.177,92207.468,96174.409,100789.574,109045,114898.751,115027.644,119613.084,142277.939,155809.224,187174.715,232407.726,217480.302,171438.316
,Campeche,328291.059,449778.397,536654.993,609382.952,657079.799,740140.02,542318.291,620535.423,780750.71,779041.23,721085.063,696682.543,436081.494,412424.333,488348.95,550190.707,624206.42,457895.354
,Coahuila de Zaragoza,255441.599,285330.206,302737.814,336941.509,369675.95,401229.645,361353.645,433984.977,493392.759,543684.552,538206.987,579802.09,627666.568,684776.144,773322.316,825317.017,848957.063,791914.313
,Colima,43028.6,45411.35,48371.749,53738.132,60492.715,65592.169,65811.816,72901.369,81585.711,87516.444,91422.446,96603.958,101924.98,110204.725,123212.159,133648.255,146794.59,140153.975
,Chiapas,149658.132,157105.241,167597.572,185859.755,198100.751,219146.599,217703.311,240499.032,261927.503,281695.954,280925.273,300375.744,302308.114,318560.217,324362.543,327140.548,333688.398,341259.105
,Chihuahua,234231.937,260457.239,280959.109,318850.357,347744.208,369944.074,353730.603,382215.09,407232.998,463972.509,476290.197,510950.825,587826.599,656275.66,718074.96,762477.056,796923.586,786609.2
,Ciudad de México,1379467.784,1519472.541,1647432.799,1804728.049,1925779.648,2052359.403,2084223.853,2229200.756,2397052.399,2563863.36,2673066.331,2798138.054,2968856.863,3163657.853,3389843.349,3607241.587,3693372.595,3473741.949
,Durango,92395.954,101305.374,104893.623,113919.846,122456.294,133623.021,138318.42,146770.242,165643.398,180059.762,189052.812,199491.872,210218.376,233458.628,248296.73,259913.683,274867.18,267846.534
,Guanajuato,272618.077,301103.737,312731.709,360437.276,379998.591,419537.053,412105.016,459867.979,515124.181,565796.766,594575.532,649953.073,721923.181,783268.338,895011.57,961087.717,967929.63,946159.224
,Guerrero,115494.114,128340.89,136625.414,145524.01,158826.221,167978.877,171107.678,186370.38,198139.143,212366.441,218811.378,234183.853,247813.828,265235.738,283714.126,303006.145,316151.365,306543.983
,Hidalgo,102868.192,124276.052,119899.782,148799.174,155257.261,175038.767,161786.625,184470.154,203655.511,231618.44,230982.767,256398.844,289377.791,300101.36,346733.033,382693.324,380780.032,355626.94
,Jalisco,512955.266,554058.119,596725.421,655681.341,705499.372,750814.023,743570.736,821289.839,885831.32,970346.145,1018578.607,1107264.088,1204768.34,1340583.331,1458866.882,1570721.595,1646724.036,1595851.858
,México,650414.934,708799.838,764362.206,837804.879,909155.345,981146.431,975921.433,1085724.153,1190034.639,1300309.612,1365154.229,1451590.566,1569746.485,1696120.275,1870894.337,2011335.936,2036038.273,1990219.879
,Michoacán de Ocampo,169880.527,187708.532,202877.762,224728.021,245625.964,270330.443,268656.308,290183.885,328272.431,348282.352,359465.987,391994.837,408481.804,456455.946,515406.355,547732.664,571431.637,559323.153
,Morelos,103912.141,111172.356,124410.414,127253.829,134376.326,140312.172,144051.976,156265.662,163560.712,171825.31,182126.143,189051.143,199165.66,219509.801,244769.112,250126.493,254810.304,235975.232
,Nayarit,47348.157,57282.239,62730.263,67060.707,70481.637,81399.737,79868.877,88014.112,95444.018,99032.581,103627.459,112501.791,123019.281,136301.611,148598.783,155433.893,163435.514,147941.896
,Nuevo León,518414.397,593341.643,648235.094,734544.28,813097.654,873801.707,851460.085,943374.112,1018557.233,1108967.174,1124999.893,1207990.997,1337539.463,1439538.536,1600954.593,1744343.428,1839422.297,1762907.807
,Oaxaca,125575.372,142950.124,140574.391,170626.628,173610.814,192561.534,190446.28,208793.741,226500.467,248833.702,245515.976,265613.706,290365.725,284220.424,313559.841,353621.995,349849.401,351431.026
,Puebla,244703.257,265601.902,296863.073,324953.26,355837.972,385126.957,373642.294,416421.454,462331.627,515088.623,519256.535,540792.718,580298.16,628165.6,699067.172,743460.657,761856.591,713640.705
,Querétaro,129222.791,147980.64,168791.835,188519.439,207403.044,228284.803,233711.419,256123.884,288201.125,311704.961,319989.728,348716.588,388211.112,432120.25,480686.81,518493.752,533452.116,496912.256
,Quintana Roo,100756.515,114922.814,123869.973,138303.362,158761.482,175082.242,167709.174,180777.622,194651.851,213551.944,225272.667,246516.89,265832.867,302288.848,329215.03,359421.874,373507.355,297143.898
,San Luis Potosí,135417.186,155113.845,171877.096,193076.797,208802.945,225361.594,223032.482,244786.34,271023.72,297155.564,307896.47,330242.339,364656.925,400396.415,455231.044,500784.395,520595.899,511613.924
,Sinaloa,160242.733,185355.029,193845.412,208519.559,232728.363,260205.206,261437.516,277104.769,299879.733,325175.665,334097.307,344506.492,379608.572,423219.311,454152.219,483442.664,515996.222,505558.539
,Sonora,215321.971,244591.949,274112.423,315218.313,339339.338,360308.272,354073.917,385750.835,446699.109,488557.575,510315.674,535720.341,588735.277,663322.554,724400.178,762906.18,776373.853,787678.332
,Tabasco,174628.451,219781.987,260510.672,306835.949,341289.313,414905.271,379235.268,449415.171,559158.194,592703.438,553628.205,575966.401,467499.102,454246.599,494910.403,496651.44,522225.448,506547.169
,Tamaulipas,259340.871,292431.745,325281.018,359094.867,383429.085,429771.347,387891.004,406896.616,429862.782,462474.737,473241.401,498626.182,543674.072,578652.506,628044.541,670038.206,709680.634,674059.226
,Tlaxcala,49095.694,57789.546,54034.75,56021.512,59806.397,67699.514,69236.59,78454.866,80052.249,88109.739,87657.644,93828.437,104631.193,109834.483,115780.846,126199.825,135474.465,123307.974
,Veracruz de Ignacio de la Llave,349344.701,402187.892,425100.612,490348.098,532290.028,580223.999,578093.725,639238.481,701765.663,777750.647,781357.276,810516.492,833456.616,862619.629,918323.975,982970.96,1039168.371,990746.951
,Yucatán,100397.54,110902.208,123611.23,135527.402,147321.328,159011.746,164626.32,175773.5,188610.929,209189.067,215788.237,232467.744,247730.173,275534.828,304912.753,330550.687,347187.494,332107.32
,Zacatecas,58551.351,67368.178,70551.112,81756.348,89738.45,102382.135,111392.95,130183.528,147947.212,157643.57,146858.788,156773.426,169623.327,187277.522,201906.838,206724.366,205622.267,213094.793
,Participación porcentual,,,,,,,,,,,,,,,,,,
,a  B.1bP - Producto interno bruto,,,,,,,,,,,,,,,,,,
,"D.21-D.31 - Impuestos sobre los productos, netos",,,,,,,,,,,,,,,,,,
,a  B.1bV - Valor agregado bruto,,,,,,,,,,,,,,,,,,
,b  Estados Unidos Mexicanos,100,100,100,100,100,100,100,100,100,100,100,100,100,100,100,100,100,100
,Aguascalientes,1.033600691,1.025591272,1.019329704,1.027640209,1.083355235,1.049611674,1.083285439,1.078821691,1.062228469,1.08887366,1.104805287,1.177206454,1.2310232,1.318711541,1.318065912,1.339970684,1.325746914,1.392043871
,Baja California,3.622337089,3.596565805,3.531247959,3.526708391,3.424593058,3.286216013,3.172846224,3.06991878,2.954603998,2.978459415,2.9760021,3.027178547,3.316057786,3.432093461,3.431883513,3.435224465,3.505796303,3.659281468
,Baja California Sur,0.6490842808,0.6645941212,0.6932854844,0.6932639634,0.7613884569,0.7660050381,0.8249004752,0.7859313437,0.7700511386,0.7492611861,0.7353476922,0.7214316589,0.8130625936,0.8256678519,0.9032629068,1.04588335,0.944907851,0.7812644552
,Campeche,4.391500187,5.330379261,5.854222576,5.956277913,5.93719647,6.148644969,4.651534858,4.838776665,5.513485012,5.080171463,4.609746131,4.201955387,2.492034626,2.185528587,2.356661754,2.475973195,2.712050432,2.086682678
,Coahuila de Zaragoza,3.417003902,3.381483465,3.302484032,3.29335972,3.340292532,3.333178279,3.099377439,3.384103956,3.484228124,3.545397393,3.440644805,3.497005257,3.586868149,3.628781617,3.731878865,3.714099103,3.688546441,3.608846137
,Colima,0.5755871193,0.5381755101,0.5276741831,0.5252514001,0.546595915,0.5449008958,0.5644765469,0.5684662472,0.5761398473,0.5706996296,0.5844445938,0.5826549349,0.5824612668,0.5839994336,0.5945940555,0.6014450857,0.6377927532,0.6386980547
,Chiapas,2.001954353,1.861873589,1.828276085,1.816644772,1.789985145,1.820540164,1.86726975,1.875349998,1.849672813,1.836955082,1.795896569,1.811679492,1.72757225,1.688121687,1.565300385,1.472200852,1.449808485,1.555157651
,Chihuahua,3.133285439,3.086710866,3.064906095,3.116531785,3.142123205,3.073276283,3.033993612,2.980415606,2.87578737,3.025590699,3.044823705,3.081737289,3.359198359,3.477751192,3.465267601,3.431306142,3.462471526,3.584670116
,Ciudad de México,18.45293335,18.0074565,17.97139393,17.63991228,17.40082734,17.04978649,17.87666038,17.38273788,16.92744215,16.71909647,17.0883545,16.87662679,16.96585204,16.76492904,16.35861851,16.23334121,16.04695565,15.83024831
,Durango,1.235966799,1.200582483,1.144255851,1.113484157,1.106482162,1.110060926,1.186375165,1.144476843,1.16973623,1.174179786,1.208575123,1.20321078,1.201315532,1.237149374,1.198223949,1.169665907,1.194242209,1.220607979
,Guanajuato,3.646771068,3.568417527,3.4115047,3.52301386,3.433565142,3.485265383,3.534678581,3.585932992,3.637690514,3.689592378,3.800997135,3.920112315,4.125507707,4.150713735,4.319123725,4.325095635,4.205458141,4.311758234
,Guerrero,1.544947416,1.520983718,1.490409283,1.422392018,1.435111048,1.395469032,1.467612917,1.453268601,1.399213835,1.384853448,1.398815417,1.412451213,1.416158788,1.405543372,1.369140304,1.363590994,1.373613629,1.39695678
,Hidalgo,1.376052353,1.472810821,1.307953936,1.454404379,1.402862884,1.454118417,1.387665027,1.438451124,1.438169179,1.510396811,1.476624564,1.546438209,1.653680528,1.590304084,1.673255318,1.722199957,1.654412094,1.620633555
,Jalisco,6.861725547,6.566211109,6.509514449,6.408811203,6.374702719,6.237318264,6.377703381,6.404208303,6.255540525,6.327681521,6.511560194,6.678327663,6.88477833,7.104050266,7.040162131,7.068575526,7.154682312,7.272483547
,México,8.700502879,8.400074307,8.338218298,8.188937154,8.214883357,8.150783505,8.370605676,8.466199514,8.403755593,8.479391757,8.727145726,8.755090622,8.970485216,8.988119882,9.028513585,9.051432167,8.846173798,9.069664739
,Michoacán de Ocampo,2.272466293,2.224556966,2.213138031,2.196553979,2.219410197,2.245745228,2.304300265,2.262779786,2.318185696,2.271168711,2.297990942,2.364268825,2.334313228,2.418861931,2.48723468,2.464911488,2.482754692,2.54890102
,Morelos,1.390017102,1.317517304,1.357159188,1.243814204,1.214188367,1.165630431,1.235552625,1.218519702,1.155028773,1.120482463,1.164294375,1.140238803,1.138153597,1.163231426,1.181200461,1.125621506,1.107099147,1.075366729
,Nayarit,0.6333691844,0.6788588799,0.6843072861,0.6554699416,0.6368531296,0.6762208093,0.6850457962,0.6863115555,0.6740040784,0.6457970035,0.6624686916,0.6785407665,0.7030069199,0.7222926569,0.7171041702,0.6994850108,0.7100941965,0.6741885215
,Nuevo León,6.934751522,7.031764997,7.071419387,7.179639432,7.346931877,7.259027109,7.303084428,7.356190269,7.192820918,7.23163701,7.191889238,7.285849672,7.6435132,7.628435982,7.725845338,7.849910068,7.991917216,8.033777044
,Oaxaca,1.67980289,1.694119552,1.533487593,1.667751965,1.568700656,1.599687188,1.633482633,1.62812024,1.599495094,1.622658498,1.569532332,1.60201652,1.659326183,1.50614746,1.513168985,1.5913729,1.520024768,1.601512284
,Puebla,3.273358714,3.147680901,3.238398089,3.176183251,3.215256282,3.199406683,3.204778788,3.247148092,3.264881432,3.35892174,3.319498525,3.26172501,3.316176284,3.32878971,3.373540309,3.345728372,3.310112537,3.252144151
,Querétaro,1.728593866,1.753736817,1.841303974,1.84264126,1.874038165,1.896454951,2.004573385,1.997188601,2.035211192,2.032645497,2.045627467,2.103241369,2.218474177,2.289901647,2.319685996,2.333330271,2.317741367,2.264487263
,Quintana Roo,1.347804767,1.361964444,1.351263665,1.351815402,1.434526083,1.454479581,1.438463504,1.409657703,1.374587367,1.392584179,1.440121088,1.486836414,1.519130526,1.601896071,1.588717391,1.617473568,1.622813785,1.354119493
,San Luis Potosí,1.811455357,1.83827331,1.874960242,1.887186141,1.886687294,1.872170662,1.912978747,1.90878133,1.913908241,1.937768064,1.968317795,1.9918162,2.08387124,2.121789965,2.196842218,2.253634463,2.261883709,2.331484483
,Sinaloa,2.143542971,2.196665311,2.114606594,2.038127978,2.102870941,2.161630756,2.242383742,2.160792181,2.117682882,2.120488711,2.135814271,2.077848691,2.169314036,2.242733584,2.191636052,2.175593048,2.241899044,2.303889386
,Sonora,2.880329664,2.898689357,2.990217469,3.08103118,3.066179059,2.993227746,3.036938261,3.007986442,3.154488124,3.185911291,3.262341469,3.23113159,3.364391097,3.515094256,3.495791675,3.43323729,3.373187099,3.589542276
,Tabasco,2.33597856,2.604663437,2.841839687,2.99909963,3.083798509,3.446787281,3.252750457,3.504424666,3.948648759,3.865052292,3.53922943,3.473870769,2.671573928,2.407154108,2.388325844,2.235035301,2.268963769,2.308394688
,Tamaulipas,3.469163878,3.46564468,3.548401681,3.509892783,3.464562163,3.570285836,3.326991835,3.172875839,3.035593789,3.015823644,3.025333389,3.007402715,3.106883992,3.066408775,3.03080113,3.015311994,3.083418574,3.071766722
,Tlaxcala,0.6567457244,0.6848710377,0.5894503125,0.5475697893,0.54039453,0.5624074701,0.5938512811,0.6117709978,0.5653108853,0.5745685395,0.5603770013,0.5659147201,0.5979262122,0.5820374386,0.5587322171,0.5679255937,0.5886091035,0.561928858
,Veracruz de Ignacio de la Llave,4.673131593,4.766378316,4.637306337,4.79279825,4.809629637,4.82015737,4.958385431,4.984618333,4.955710466,5.071755499,4.995053795,4.888530901,4.762877524,4.571213936,4.431624127,4.423574803,4.514976038,4.514949721
,Yucatán,1.343002813,1.314315746,1.348441108,1.3246824,1.331155926,1.320975418,1.412021462,1.370636838,1.331927742,1.364133614,1.379489108,1.402100712,1.415680733,1.460120548,1.471440091,1.487547191,1.508459322,1.513451896
,Zacatecas,0.7832326278,0.798388587,0.7696227893,0.7991092108,0.8108525165,0.850530146,0.9554318903,1.015137886,1.044769765,1.028002543,0.9388375444,0.945559708,0.9693307561,0.9924253862,0.9743568056,0.9303028612,0.8933870913,0.9710978925
,Índice de precios implícitos base 2013=100,,,,,,,,,,,,,,,,,,
,a  B.1bP - Producto interno bruto,60.24329448,65.03969147,68.86007183,73.25969497,77.50074362,82.28448637,85.53280051,89.42039574,94.64511607,98.49331737,100,104.4397192,107.4006752,113.4207811,121.0343852,127.0212435,132.2593555,137.7879283
,"D.21-D.31 - Impuestos sobre los productos, netos",78.23269024,74.61823134,73.36141849,68.97528513,74.13148264,51.79847361,88.1706168,91.05834939,81.48482151,76.79194621,100,134.1972914,150.5159187,164.5593259,152.9561329,159.1637774,174.9682275,207.3212344
,a  B.1bV - Valor agregado bruto,,,,,,,,,,,,,,,,,,
,Estados Unidos Mexicanos,59.52336194,64.65574217,68.67818282,73.43804244,77.64004835,83.57739847,85.4223576,89.35244704,95.19320694,99.37753303,100,103.1916205,105.5466419,111.1181186,119.5746778,125.5344771,130.2839111,134.7563883
,Aguascalientes,63.75361255,68.38146758,72.08447003,76.12469716,79.76893894,83.70088588,88.16460813,90.89733405,94.64244747,99.56599755,100,102.4661027,108.6753246,117.5636932,126.0375867,132.4004283,137.1690729,149.2071617
,Baja California,67.78011961,71.74348672,74.75806842,79.12280558,82.11027101,86.45413841,90.72298739,91.94946608,94.9383693,100.1579922,100,104.9742683,113.4551987,120.9329708,128.5237869,134.856155,140.2485142,145.0340782
,Baja California Sur,63.80603657,68.76924657,72.71737565,75.73212103,79.34522829,84.61313767,88.77188896,91.08336617,95.06331402,97.91464091,100,103.0907163,109.0079981,116.3200935,126.14838,134.1841391,136.8199321,140.5397889
,Campeche,31.34009648,42.44950375,51.67429369,60.0803271,69.34326646,85.34519435,69.46053548,82.30255616,107.4668363,108.9892736,100,101.5599949,68.39371369,68.66731704,90.79099619,103.9143257,120.6640568,95.0001221
,Coahuila de Zaragoza,58.51055744,63.52757266,65.97493731,70.12482579,73.8644785,80.51536966,85.76550413,88.57708008,94.30161549,98.93235724,100,103.6810275,111.3025206,119.6651437,128.5181943,135.7119484,140.5870788,147.867025
,Colima,63.52685466,66.98426976,70.86587333,74.08703682,78.02856628,83.07673342,86.08827304,88.91258993,92.76904856,96.66022162,100,103.0956234,106.3068794,111.7964709,120.7495575,127.246448,134.5517628,138.4269042
,Chiapas,60.31605094,65.90651471,69.75107358,74.81845993,78.44446437,84.84520978,84.8089989,88.7485242,93.73079436,98.9331534,100,102.1584862,105.0367224,110.9833394,116.8533638,122.220542,127.5155302,134.1657992
,Chihuahua,64.9874055,69.14867933,72.18687491,75.98341101,80.00558426,83.92696092,88.19470606,91.48357231,95.27477535,101.0467427,100,105.2002564,115.1150017,122.8507762,130.2046186,135.1723527,139.1082184,146.2016093
,Ciudad de México,64.67479899,68.23111076,72.95686373,75.99741678,79.95544884,83.75639781,88.22050161,91.10267055,94.60280519,97.33967271,100,101.8040796,103.4519548,106.9803163,111.305171,115.3778423,117.89219,121.5976492
,Durango,60.42002769,64.25466723,67.67248174,71.0276258,75.2605513,80.63034695,84.81440202,86.70875131,93.94757544,98.42393909,100,103.3804681,108.9846263,116.3448165,124.4225238,128.4970959,134.7084772,141.1923065
,Guanajuato,62.19125098,66.77051345,68.78885333,75.46102657,77.75231701,83.40291919,85.55667129,88.92030703,93.97278205,99.10229049,100,104.8168039,110.4111436,116.3278515,127.0999269,134.7778838,137.9219006,145.5238768
,Guerrero,63.210332,66.65056692,69.98539683,72.92950584,77.52164818,80.64864074,85.02696262,87.95597217,92.38196097,97.36288279,100,102.8660619,107.9419884,113.2590491,121.1965729,125.8927265,131.3194955,139.8860014
,Hidalgo,57.29114826,64.87931357,63.08065354,76.14929408,76.99136603,83.83069261,82.72098045,89.41684406,94.91367931,103.9594047,100,105.485805,111.8605821,111.6308882,128.3635075,138.1583335,139.7598995,146.0546982
,Jalisco,64.52613893,67.63088496,70.85916214,74.00385366,77.26082531,81.73696051,85.43656413,88.75241348,92.93743133,97.49420227,100,103.748613,109.04017,116.6607658,123.9883564,130.0184398,135.3395024,141.7654733
,México,62.03860233,66.00604404,69.52686378,72.80815671,76.74409125,81.88883343,85.70277567,88.49951419,92.7216729,97.038421,100,103.5155747,108.6191809,114.1809121,120.1659149,125.0724062,128.8106159,134.0604612
,Michoacán de Ocampo,57.69059812,62.35715504,66.29420381,70.12857574,74.82387223,80.77814141,84.74881071,87.99657219,95.62939218,98.93530924,100,103.2501562,105.8137854,113.5146346,124.2372358,129.0726503,134.5987046,141.0137974
,Morelos,65.74394527,69.59804864,72.63591677,75.66624218,79.35983388,82.69587954,85.56779898,89.3025905,93.63550625,97.7847855,100,101.8251914,106.2373252,112.9095493,120.4344193,124.2454295,126.7401994,131.4131127
,Nayarit,62.21409245,65.93303418,69.49193455,72.76102626,76.8818378,82.81345375,85.8449777,90.00674063,94.77663882,98.24639566,100,103.2252174,107.8520485,114.0854702,122.8087959,128.8411002,135.0230442,138.1023378
,Nuevo León,64.48834371,69.81791373,73.21060513,77.57867187,80.93451084,85.63604131,89.37095066,92.01995687,95.20896922,99.56450757,100,104.0323451,108.9128335,114.4627156,122.5330603,128.9079302,134.0076281,139.127028
,Oaxaca,61.87078083,67.82692569,65.78819819,78.26063214,78.98029129,84.96594288,84.82726024,91.5404115,96.40129351,103.8190606,100,106.1439638,111.4164791,110.7724875,125.1642856,135.6222403,138.3391838,148.1726203
,Puebla,61.80822707,65.43402429,69.33148734,72.66373894,76.38979611,82.12196759,86.37556928,88.6063723,93.71209197,98.25696665,100,102.7730959,107.3425322,113.1199927,118.6709527,123.1213759,127.958551,134.3553385
,Querétaro,60.92348006,64.92734699,69.37282046,72.94281299,76.35721888,82.01405106,86.46006818,89.11658312,93.30967,97.92977458,100,101.7656044,107.1166819,114.333296,121.6590427,127.4739938,132.2721269,135.9806603
,Quintana Roo,69.85676026,73.22648344,75.67736665,79.31852215,82.3005241,86.23951618,90.32562983,92.6357713,94.46649599,98.99961602,100,105.686768,108.9115199,115.5990917,120.9407967,125.4380153,128.7145451,133.7679262
,San Luis Potosí,60.37855573,65.32086601,69.51821156,74.6480613,78.99757733,83.45983684,87.17451748,90.86446401,95.47064009,99.95344742,100,104.2706972,110.7170378,117.0527136,128.350551,135.4053434,141.2322554,149.8217072
,Sinaloa,59.73699373,65.11484639,67.84727238,70.69617247,76.14895331,82.24431054,86.26416854,88.62953378,94.07618624,98.48096522,100,101.3022415,105.7852461,112.4272426,119.2039199,123.6758467,129.5975054,136.7103499
,Sonora,58.90618433,63.61558407,67.70192996,73.3705381,77.93785228,82.50379904,86.28073006,89.39724669,94.73795826,98.51420262,100,102.4523746,107.1193538,114.5742894,125.7668755,131.2156978,133.6886948,142.8790472
,Tabasco,46.58107632,56.17531067,61.8673026,68.9039576,75.16076015,87.31119586,76.46733228,85.60094665,101.7111494,105.088552,100,101.9780944,83.15348096,84.95584848,97.15777605,106.2978015,116.336581,109.0609937
,Tamaulipas,66.23028604,71.30520762,74.52181881,79.86821334,82.63418742,88.91502191,88.20930577,90.78154696,94.10954325,99.16448872,100,104.3388261,110.3711882,115.624578,126.0198777,131.7696839,137.1575941,142.4827551
,Tlaxcala,58.97084142,64.36097536,68.15746899,71.92394334,75.68554819,81.32387327,84.70392477,88.34023951,93.04966973,97.98833392,100,103.8355715,108.4726207,113.3954786,121.1283894,127.627209,130.8112519,135.5916113
,Veracruz de Ignacio de la Llave,56.93453064,62.46516478,65.51031294,71.62994965,75.43701205,82.38143417,83.90556395,89.01201304,93.96746139,99.7460934,100,103.8078501,106.0720244,109.8976355,118.3296089,123.7969617,129.6376311,134.3179661
,Yucatán,62.11316247,65.61727077,69.87329736,73.07532653,77.0440234,82.32184695,86.93577051,89.61178538,92.96039727,97.43292193,100,103.8457176,107.5336659,113.6201234,120.8096181,126.5102068,131.8391974,136.9258656
,Zacatecas,57.73935665,63.75656919,66.77091599,72.926178,77.40401295,81.00904993,85.35073403,89.94888709,102.1192656,105.994091,100,99.97766001,106.0773248,118.5315356,128.0963007,131.144288,135.3828768,146.6282721
,Variación porcentual anual del índice de precios implícitos base 2013=100,,,,,,,,,,,,,,,,,,
,a  B.1bP - Producto interno bruto,NA,7.961710977,5.873921411,6.389222408,5.789061291,6.172512071,3.947662895,4.545151338,5.842873195,4.065926968,1.529730821,4.439719163,2.835086218,5.605277513,6.71270643,4.946411123,4.123807809,4.180099627
,"D.21-D.31 - Impuestos sobre los productos, netos",NA,-4.620138837,-1.684324093,-5.978801179,7.475427602,-30.1262139,70.21856177,3.275164324,-10.51361895,-5.759201792,30.22198932,34.19729137,12.16017636,9.330180743,-7.051069876,4.058447595,9.929677693,18.49078969
,a  B.1bV - Valor agregado bruto,,,,,,,,,,,,,,,,,,
,Estados Unidos Mexicanos,NA,8.622463635,6.221320043,6.930672049,5.721838116,7.647277723,2.207485711,4.600773793,6.536765466,4.395614166,0.6263658935,3.191620534,2.282182777,5.278686785,7.610423388,4.984164988,3.783370223,3.432869903
,Aguascalientes,NA,7.25896909,5.415213489,5.60485098,4.787200363,4.929170414,5.332945052,3.099572476,4.120157601,5.202264113,0.4358942383,2.466102699,6.059781452,8.178828661,7.207917053,5.048368341,3.601683644,8.776095481
,Baja California,NA,5.847388784,4.201889032,5.838483065,3.775732421,5.290285061,4.937703462,1.35189407,3.250593341,5.497906607,-0.1577429574,4.97426829,8.07905651,6.590947023,6.276878872,4.927000912,3.998600696,3.412202967
,Baja California Sur,NA,7.778590037,5.741125968,4.145839082,4.770904622,6.63922645,4.915018402,2.603839161,4.369566062,2.999397729,2.129772499,3.090716336,5.73987844,6.707852163,8.449345402,6.37008509,1.964310391,2.718797447
,Campeche,NA,35.44790383,21.73120798,16.2673407,15.41759142,23.07639763,-18.61224758,18.48822584,30.57533249,1.416657745,-8.247851657,1.559994925,-32.65683625,0.4000416664,32.21864506,14.45443943,16.11878911,-21.26891417
,Coahuila de Zaragoza,NA,8.574546966,3.852444771,6.290098404,5.332851333,9.004180755,6.520661208,3.27821305,6.462772769,4.910564602,1.079164375,3.681027467,7.350904309,7.51341752,7.398186619,5.597459644,3.592263217,5.178247007
,Colima,NA,5.442446523,5.794798676,4.545436803,5.320133763,6.469639754,3.625009662,3.280721978,4.337359462,4.194473388,3.455173521,3.09562342,3.114832502,5.163909879,8.008380393,5.380467352,5.741075579,2.880037637
,Chiapas,NA,9.268617019,5.83335182,7.264958211,4.846403467,8.159588395,-0.04267875315,4.645173687,5.613918888,5.550320012,1.078350951,2.158486217,2.81742252,5.661464738,5.28910414,4.59308831,4.332322615,5.21526201
,Chihuahua,NA,6.403200433,4.393714549,5.259316328,5.293488674,4.901378684,5.085070517,3.729097124,4.144135328,6.058232469,-1.035899521,5.200256358,9.424639881,6.720040357,5.985995846,3.815328598,2.911738748,5.099188954
,Ciudad de México,NA,5.49875968,6.926097069,4.167603838,5.208113948,4.753833568,5.329866033,3.26700585,3.841967112,2.893008841,2.733034962,1.804079611,1.618673072,3.410628137,4.042663987,3.659013509,2.179229255,3.143091357
,Durango,NA,6.346636509,5.319169268,4.957914906,5.959548063,7.134940624,5.189181537,2.233523129,8.348435444,4.764746328,1.601298351,3.380468128,5.420906141,6.753420611,6.942902629,3.274786529,4.83386908,4.813230324
,Guanajuato,NA,7.363194011,3.022801208,9.699497683,3.036389167,7.267438963,2.582346185,3.931471024,5.682026059,5.458504396,0.9058413388,4.816803896,5.337254656,5.358795924,9.260100012,6.040882263,2.332739386,5.5117977
,Guerrero,NA,5.442519928,5.003453182,4.206747622,6.296686481,4.03370237,5.428884909,3.44480087,5.032050345,5.391660628,2.708544708,2.866061898,4.934500692,4.925850167,7.008291116,3.874823722,4.31062951,6.52340754
,Hidalgo,NA,13.24491747,-2.772316677,20.71735121,1.105817153,8.883238377,-1.323754016,8.094516744,6.147427039,9.530475917,-3.808606517,5.48580497,6.043255887,-0.2053394419,14.98923785,7.630537767,1.159225072,4.504009156
,Jalisco,NA,4.811609817,4.773377099,4.437946236,4.401083857,5.793537904,4.526230966,3.881065893,4.715384838,4.90305238,2.570201791,3.748613026,5.100364014,6.988796768,6.281109635,4.863427111,4.092544567,4.748037988
,México,NA,6.395117822,5.334086884,4.719460578,5.405897802,6.703763238,4.657463145,3.26329982,4.770826987,4.655597737,3.051965365,3.515574712,4.93027852,5.120395105,5.241684177,4.083097378,2.988836444,4.075630949
,Michoacán de Ocampo,NA,8.088938357,6.31370813,5.783872068,6.695268561,7.957713232,4.915524461,3.832220717,8.673996959,3.457009379,1.076148412,3.25015623,2.482930082,7.27773718,9.44600775,3.892081527,4.281351835,4.766088087
,Morelos,NA,5.86229402,4.364875435,4.171937989,4.881426113,4.203695366,3.472868848,4.364716125,4.851948554,4.431309684,2.265397921,1.825191382,4.333047378,6.280489549,6.664511579,3.164386313,2.007936934,3.687001714
,Nayarit,NA,5.977651652,5.397750039,4.704275006,5.66348738,7.715236936,3.660666003,4.84799815,5.29948997,3.660983213,1.784904505,3.225217359,4.482268245,5.779604333,7.646307358,4.911948133,4.798114851,2.280568962
,Nuevo León,NA,8.264392771,4.859342278,5.966439883,4.325723668,5.809055277,4.361375527,2.964057318,3.465566023,4.574714321,0.437397257,4.032345106,4.691318281,5.095709972,7.050631827,5.202571381,3.956077647,3.82023028
,Oaxaca,NA,9.62674914,-3.005779018,18.95846716,0.9195672661,7.578664863,-0.163221439,7.913907908,5.31009412,7.694675905,-3.678573652,6.143963766,4.967324683,-0.5780038658,12.99221349,8.355382444,2.003317042,7.108207708
,Puebla,NA,5.866204857,5.956324854,4.806260082,5.127808219,7.503844454,5.179614926,2.58267822,5.762248849,4.849827371,1.773953955,2.773095866,4.446140562,5.382265957,4.907143121,3.750221205,3.928785793,4.999109042
,Querétaro,NA,6.57196032,6.846842928,5.146096856,4.680935302,7.408379019,5.421043175,3.072533948,4.705170163,4.951367395,2.113989774,1.765604403,5.258237807,6.737152388,6.407360734,4.779711398,3.764009349,2.80371501
,Quintana Roo,NA,4.823761028,3.346990179,4.8114194,3.759527879,4.786108129,4.738099007,2.557570281,1.976261074,4.798653724,1.010492791,5.686767966,3.05123523,6.140371381,4.620888377,3.718529014,2.612070817,3.926037361
,San Luis Potosí,NA,8.185539087,6.425734703,7.379145148,5.826696578,5.64860298,4.450860179,4.232827012,5.069282181,4.695482643,0.04657425832,4.270697202,6.182312771,5.72240358,9.651922686,5.496503448,4.303310229,6.081791829
,Sinaloa,NA,9.002549877,4.196317962,4.198989861,7.712978862,8.004518733,4.887703448,2.742002015,6.145414771,4.682140247,1.542465363,1.302241504,4.425375494,6.278755103,6.027611375,3.751493128,4.788047765,5.488411596
,Sonora,NA,7.994745877,6.423498189,8.372890032,6.224997512,5.858445716,4.577887396,3.612065669,5.974134293,3.985988745,1.508206274,2.452374607,4.55526694,6.959466596,9.768846214,4.33247804,1.88468072,6.874442466
,Tabasco,NA,20.59684986,10.13255088,11.37378664,9.080469053,16.16592978,-12.41978588,11.94446582,18.82012214,3.32058247,-4.842156323,1.978094366,-18.45946771,2.167519029,14.3626693,9.407404941,9.444014231,-6.253911929
,Tamaulipas,NA,7.662539124,4.511046674,7.174267364,3.463172596,7.600769953,-0.7936973129,2.916065565,3.665939175,5.37134205,0.8425508873,4.338826133,5.781512332,4.759747393,8.990562272,4.562618452,4.088884526,3.88251272
,Tlaxcala,NA,9.140337514,5.898750928,5.526135886,5.229975818,7.449671988,4.156284455,4.292970777,5.33101364,5.307556924,2.052964883,3.835571514,4.465761697,4.538341482,6.819417219,5.365232362,2.494799428,3.654394674
,Veracruz de Ignacio de la Llave,NA,9.714024294,4.874954175,9.341485996,5.314903083,9.205590116,1.850088911,6.08594812,5.56716804,6.149609592,0.2545529223,3.807850105,2.181120538,3.606616422,7.672570322,4.620443564,4.717942475,3.610321274
,Yucatán,NA,5.64149071,6.48613779,4.582622101,5.430966998,6.850399711,5.604737665,3.078151665,3.736798543,4.811215083,2.634713219,3.845717582,3.551372514,5.660048439,6.327659612,4.718654657,4.212300933,3.858236652
,Zacatecas,NA,10.4213363,4.727899942,9.218477719,6.140229845,4.657429054,5.359505021,5.387362055,13.53032694,3.794411726,-5.655118062,-0.02233999407,6.101027739,11.74069091,8.069384313,2.379449841,3.232004167,8.306364514
,"a Los códigos se derivan del SCN 2008, modificados para uso del SCN de México     b Los cambios se deben a una readecuación de la formulación en el año 2020 para la participación porcentual en valores constantes y corrientes de los Estados Unidos Mexicanos en los tabulados relativos a la Actividad económica total, Actividades primarias, Actividades Secundarias Actividades Terciarias, Sector 21 Minería y Sector 31-33 Industrias manufactureras. No se registran cambios en los valores a precios corrientes y constantes, los índices de volumen físico y de precios implícitos, las variaciones ni las estructuras porcentuales de los estados.     NA No aplica.     R Cifras revisadas    Nota:    La suma de los parciales puede no coincidir con el total por el redondeo de las cifras.",,,,,,,,,,,,,,,,,,